LogName,TimeSlice,Label
messages,5399328
messages,5399329
messages,5399330
messages,5399331
messages,5399332
messages,5399333
messages,5399334
messages,5399335
messages,5399336
messages,5399337
messages,5399338
messages,5399339
messages,5399340
messages,5399341
messages,5399342
messages,5399343
messages,5399344
messages,5399345
messages,5399346
messages,5399347
messages,5399348
messages,5399349
messages,5399350
messages,5399351
messages,5399352
messages,5399353
messages,5399354
messages,5399355
messages,5399356
messages,5399357
messages,5399358
messages,5399359
messages,5399360
messages,5399361
messages,5399362
messages,5399363
messages,5399364
messages,5399365
messages,5399366
messages,5399367
messages,5399368
messages,5399369
messages,5399370
messages,5399371
messages,5399372
messages,5399373
messages,5399374
messages,5399375
messages,5399376
messages,5399377
messages,5399378
messages,5399379
messages,5399380
messages,5399381
messages,5399382
messages,5399383
messages,5399384
messages,5399385
messages,5399386
messages,5399387
messages,5399388
messages,5399389
messages,5399390
messages,5399391
messages,5399392
messages,5399393
messages,5399394
messages,5399395
messages,5399396
messages,5399397
messages,5399398
messages,5399399
messages,5399400
messages,5399401
messages,5399402
messages,5399403
messages,5399404
messages,5399405
messages,5399406
messages,5399407
messages,5399408
messages,5399409
messages,5399410
messages,5399411
messages,5399412
messages,5399413
messages,5399414
messages,5399415
messages,5399416
messages,5399417
messages,5399418
messages,5399419
messages,5399420
messages,5399421
messages,5399422
messages,5399423
messages,5399424
messages,5399425
messages,5399426
messages,5399427
messages,5399428
messages,5399429
messages,5399430
messages,5399431
messages,5399432
messages,5399433
messages,5399434
messages,5399435
messages,5399436
messages,5399437
messages,5399438
messages,5399439
messages,5399440
messages,5399441
messages,5399442
messages,5399443
messages,5399444
messages,5399445
messages,5399446
messages,5399447
messages,5399448
messages,5399449
messages,5399450
messages,5399451
messages,5399452
messages,5399453
messages,5399454
messages,5399455
messages,5399456
messages,5399457
messages,5399458
messages,5399459
messages,5399460
messages,5399461
messages,5399462
messages,5399463
messages,5399464
messages,5399465
messages,5399466
messages,5399467
messages,5399468
messages,5399469
messages,5399470
messages,5399471
messages,5399472
messages,5399473
messages,5399474
messages,5399475
messages,5399476
messages,5399477
messages,5399478
messages,5399479
messages,5399480
messages,5399481
messages,5399482
messages,5399483
messages,5399484
messages,5399485
messages,5399486
messages,5399487
messages,5399488
messages,5399489
messages,5399490
messages,5399491
messages,5399492
messages,5399493
messages,5399494
messages,5399495
messages,5399496
messages,5399497
messages,5399498
messages,5399499
messages,5399500
messages,5399501
messages,5399502
messages,5399503
messages,5399504
messages,5399505
messages,5399506
messages,5399507
messages,5399508
messages,5399509
messages,5399510
messages,5399511
messages,5399512
messages,5399513
messages,5399514
messages,5399515
messages,5399516
messages,5399517
messages,5399518
messages,5399519
messages,5399520
messages,5399521
messages,5399522
messages,5399523
messages,5399524
messages,5399525
messages,5399526
messages,5399527
messages,5399528
messages,5399529
messages,5399530
messages,5399531
messages,5399532
messages,5399533
messages,5399534
messages,5399535
messages,5399536
messages,5399537
messages,5399538
messages,5399539
messages,5399540
messages,5399541
messages,5399542
messages,5399543
messages,5399544
messages,5399545
messages,5399546
messages,5399547
messages,5399548
messages,5399549
messages,5399550
messages,5399551
messages,5399552
messages,5399553
messages,5399554
messages,5399555
messages,5399556
messages,5399557
messages,5399558
messages,5399559
messages,5399560
messages,5399561
messages,5399562
messages,5399563
messages,5399564
messages,5399565
messages,5399566
messages,5399567
messages,5399568
messages,5399569
messages,5399570
messages,5399571
messages,5399572
messages,5399573
messages,5399574
messages,5399575
messages,5399576
messages,5399577
messages,5399578
messages,5399579
messages,5399580
messages,5399581
messages,5399582
messages,5399583
messages,5399584
messages,5399585
messages,5399586
messages,5399587
messages,5399588
messages,5399589
messages,5399590
messages,5399591
messages,5399592
messages,5399593
messages,5399594
messages,5399595
messages,5399596
messages,5399597
messages,5399598
messages,5399599
messages,5399600
messages,5399601
messages,5399602
messages,5399603
messages,5399604
messages,5399605
messages,5399606
messages,5399607
messages,5399608
messages,5399609
messages,5399610
messages,5399611
messages,5399612
messages,5399613
messages,5399614
messages,5399615
messages,5399903
messages,5399616
messages,5399617
messages,5399618
messages,5399619
messages,5399620
messages,5399621
messages,5399622
messages,5399623
messages,5399624
messages,5399625
messages,5399626
messages,5399627
messages,5399628
messages,5399629
messages,5399630
messages,5399631
messages,5399632
messages,5399633
messages,5399634
messages,5399635
messages,5399636
messages,5399637
messages,5399638
messages,5399639
messages,5399640
messages,5399641
messages,5399642
messages,5399643
messages,5399644
messages,5399645
messages,5399646
messages,5399647
messages,5399648
messages,5399649
messages,5399650
messages,5399651
messages,5399652
messages,5399653
messages,5399654
messages,5399655
messages,5399656
messages,5399657
messages,5399658
messages,5399659
messages,5399660
messages,5399661
messages,5399662
messages,5399663
messages,5399664
messages,5399665
messages,5399666
messages,5399667
messages,5399668
messages,5399669
messages,5399670
messages,5399671
messages,5399672
messages,5399673
messages,5399674
messages,5399675
messages,5399676
messages,5399677
messages,5399678
messages,5399679
messages,5399680
messages,5399681
messages,5399682
messages,5399683
messages,5399684
messages,5399685
messages,5399686
messages,5399687
messages,5399688
messages,5399689
messages,5399690
messages,5399691
messages,5399692
messages,5399693
messages,5399694
messages,5399695
messages,5399696
messages,5399697
messages,5399698
messages,5399699
messages,5399700
messages,5399701
messages,5399702
messages,5399703
messages,5399704
messages,5399705
messages,5399706
messages,5399707
messages,5399708
messages,5399709
messages,5399710
messages,5399711
messages,5399712
messages,5399713
messages,5399714
messages,5399715
messages,5399716
messages,5399717
messages,5399718
messages,5399719
messages,5399720
messages,5399721
messages,5399722
messages,5399723
messages,5399724
messages,5399725
messages,5399726
messages,5399727
messages,5399728
messages,5399729
messages,5399730
messages,5399731
messages,5399732
messages,5399733
messages,5399734
messages,5399735
messages,5399736
messages,5399737
messages,5399738
messages,5399739
messages,5399740
messages,5399741
messages,5399742
messages,5399743
messages,5399744
messages,5399745
messages,5399746
messages,5399747
messages,5399748
messages,5399749
messages,5399750
messages,5399751
messages,5399752
messages,5399753
messages,5399754
messages,5399755
messages,5399756
messages,5399757
messages,5399758
messages,5399759
messages,5399760
messages,5399761
messages,5399762
messages,5399763
messages,5399764
messages,5399765
messages,5399766
messages,5399767
messages,5399768
messages,5399769
messages,5399770
messages,5399771
messages,5399772
messages,5399773
messages,5399774
messages,5399775
messages,5399776
messages,5399777
messages,5399778
messages,5399779
messages,5399780
messages,5399781
messages,5399782
messages,5399783
messages,5399784
messages,5399785
messages,5399786
messages,5399787
messages,5399788
messages,5399789
messages,5399790
messages,5399791
messages,5399792
messages,5399793
messages,5399794
messages,5399795
messages,5399796
messages,5399797
messages,5399798
messages,5399799
messages,5399800
messages,5399801
messages,5399802
messages,5399803
messages,5399804
messages,5399805
messages,5399806
messages,5399807
messages,5399808
messages,5399809
messages,5399810
messages,5399811
messages,5399812
messages,5399813
messages,5399814
messages,5399815
messages,5399816
messages,5399817
messages,5399818
messages,5399819
messages,5399820
messages,5399821
messages,5399822
messages,5399823
messages,5399824
messages,5399825
messages,5399826
messages,5399827
messages,5399828
messages,5399829
messages,5399830
messages,5399831
messages,5399832
messages,5399833
messages,5399834
messages,5399835
messages,5399836
messages,5399837
messages,5399838
messages,5399839
messages,5399840
messages,5399841
messages,5399842
messages,5399843
messages,5399844
messages,5399845
messages,5399846
messages,5399847
messages,5399848
messages,5399849
messages,5399850
messages,5399851
messages,5399852
messages,5399853
messages,5399854
messages,5399855
messages,5399856
messages,5399857
messages,5399858
messages,5399859
messages,5399860
messages,5399861
messages,5399862
messages,5399863
messages,5399864
messages,5399865
messages,5399866
messages,5399867
messages,5399868
messages,5399869
messages,5399870
messages,5399871
messages,5399872
messages,5399873
messages,5399874
messages,5399875
messages,5399876
messages,5399877
messages,5399878
messages,5399879
messages,5399880
messages,5399881
messages,5399882
messages,5399883
messages,5399884
messages,5399885
messages,5399886
messages,5399887
messages,5399888
messages,5399889
messages,5399890
messages,5399891
messages,5399892
messages,5399893
messages,5399894
messages,5399895
messages,5399896
messages,5399897
messages,5399898
messages,5399899
messages,5399900
messages,5399901
messages,5399902
messages,5400191
messages,5399904
messages,5399905
messages,5399906
messages,5399907
messages,5399908
messages,5399909
messages,5399910
messages,5399911
messages,5399912
messages,5399913
messages,5399914
messages,5399915
messages,5399916
messages,5399917
messages,5399918
messages,5399919
messages,5399920
messages,5399921
messages,5399922
messages,5399923
messages,5399924
messages,5399925
messages,5399926
messages,5399927
messages,5399928
messages,5399929
messages,5399930
messages,5399931
messages,5399932
messages,5399933
messages,5399934
messages,5399935
messages,5399936
messages,5399937
messages,5399938
messages,5399939
messages,5399940
messages,5399941
messages,5399942
messages,5399943
messages,5399944
messages,5399945
messages,5399946
messages,5399947
messages,5399948
messages,5399949
messages,5399950
messages,5399951
messages,5399952
messages,5399953
messages,5399954
messages,5399955
messages,5399956
messages,5399957
messages,5399958
messages,5399959
messages,5399960
messages,5399961
messages,5399962
messages,5399963
messages,5399964
messages,5399965
messages,5399966
messages,5399967
messages,5399968
messages,5399969
messages,5399970
messages,5399971
messages,5399972
messages,5399973
messages,5399974
messages,5399975
messages,5399976
messages,5399977
messages,5399978
messages,5399979
messages,5399980
messages,5399981
messages,5399982
messages,5399983
messages,5399984
messages,5399985
messages,5399986
messages,5399987
messages,5399988
messages,5399989
messages,5399990
messages,5399991
messages,5399992
messages,5399993
messages,5399994
messages,5399995
messages,5399996
messages,5399997
messages,5399998
messages,5399999
messages,5400000
messages,5400001
messages,5400002
messages,5400003
messages,5400004
messages,5400005
messages,5400006
messages,5400007
messages,5400008
messages,5400009
messages,5400010
messages,5400011
messages,5400012
messages,5400013
messages,5400014
messages,5400015
messages,5400016
messages,5400017
messages,5400018
messages,5400019
messages,5400020
messages,5400021
messages,5400022
messages,5400023
messages,5400024
messages,5400025
messages,5400026
messages,5400027
messages,5400028
messages,5400029
messages,5400030
messages,5400031
messages,5400032
messages,5400033
messages,5400034
messages,5400035
messages,5400036
messages,5400037
messages,5400038
messages,5400039
messages,5400040
messages,5400041
messages,5400042
messages,5400043
messages,5400044
messages,5400045
messages,5400046
messages,5400047
messages,5400048
messages,5400049
messages,5400050
messages,5400051
messages,5400052
messages,5400053
messages,5400054
messages,5400055
messages,5400056
messages,5400057
messages,5400058
messages,5400059
messages,5400060
messages,5400061
messages,5400062
messages,5400063
messages,5400064
messages,5400065
messages,5400066
messages,5400067
messages,5400068
messages,5400069
messages,5400070
messages,5400071
messages,5400072
messages,5400073
messages,5400074
messages,5400075
messages,5400076
messages,5400077
messages,5400078
messages,5400079
messages,5400080
messages,5400081
messages,5400082
messages,5400083
messages,5400084
messages,5400085
messages,5400086
messages,5400087
messages,5400088
messages,5400089
messages,5400090
messages,5400091
messages,5400092
messages,5400093
messages,5400094
messages,5400095
messages,5400096
messages,5400097
messages,5400098
messages,5400099
messages,5400100
messages,5400101
messages,5400102
messages,5400103
messages,5400104
messages,5400105
messages,5400106
messages,5400107
messages,5400108
messages,5400109
messages,5400110
messages,5400111
messages,5400112
messages,5400113
messages,5400114
messages,5400115
messages,5400116
messages,5400117
messages,5400118
messages,5400119
messages,5400120
messages,5400121
messages,5400122
messages,5400123
messages,5400124
messages,5400125
messages,5400126
messages,5400127
messages,5400128
messages,5400129
messages,5400130
messages,5400131
messages,5400132
messages,5400133
messages,5400134
messages,5400135
messages,5400136
messages,5400137
messages,5400138
messages,5400139
messages,5400140
messages,5400141
messages,5400142
messages,5400143
messages,5400144
messages,5400145
messages,5400146
messages,5400147
messages,5400148
messages,5400149
messages,5400150
messages,5400151
messages,5400152
messages,5400153
messages,5400154
messages,5400155
messages,5400156
messages,5400157
messages,5400158
messages,5400159
messages,5400160
messages,5400161
messages,5400162
messages,5400163
messages,5400164
messages,5400165
messages,5400166
messages,5400167
messages,5400168
messages,5400169
messages,5400170
messages,5400171
messages,5400172
messages,5400173
messages,5400174
messages,5400175
messages,5400176
messages,5400177
messages,5400178
messages,5400179
messages,5400180
messages,5400181
messages,5400182
messages,5400183
messages,5400184
messages,5400185
messages,5400186
messages,5400187
messages,5400188
messages,5400189
messages,5400190
messages,5400192
messages,5400193
messages,5400194
messages,5400195
messages,5400196
messages,5400197
messages,5400198
messages,5400199
messages,5400200
messages,5400201
messages,5400202
messages,5400203
messages,5400204
messages,5400205
messages,5400206
messages,5400207
messages,5400208
messages,5400209
messages,5400210
messages,5400211
messages,5400212
messages,5400213
messages,5400214
messages,5400215
messages,5400216
messages,5400217
messages,5400218
messages,5400219
messages,5400220
messages,5400221
messages,5400222
messages,5400223
messages,5400224
messages,5400225
messages,5400226
messages,5400227
messages,5400228
messages,5400229
messages,5400230
messages,5400231
messages,5400232
messages,5400233
messages,5400234
messages,5400235
messages,5400236
messages,5400237
messages,5400238
messages,5400239
messages,5400240
messages,5400241
messages,5400242
messages,5400243
messages,5400244
messages,5400245
messages,5400246
messages,5400247
messages,5400248
messages,5400249
messages,5400250
messages,5400251
messages,5400252
messages,5400253
messages,5400254
messages,5400255
messages,5400256
messages,5400257
messages,5400258
messages,5400259
messages,5400260
messages,5400261
messages,5400262
messages,5400263
messages,5400264
messages,5400265
messages,5400266
messages,5400267
messages,5400268
messages,5400269
messages,5400270
messages,5400271
messages,5400272
messages,5400273
messages,5400274
messages,5400275
messages,5400276
messages,5400277
messages,5400278
messages,5400279
messages,5400280
messages,5400281
messages,5400282
messages,5400283
messages,5400284
messages,5400285
messages,5400286
messages,5400287
messages,5400288
messages,5400289
messages,5400290
messages,5400291
messages,5400292
messages,5400293
messages,5400294
messages,5400295
messages,5400296
messages,5400297
messages,5400298
messages,5400299
messages,5400300
messages,5400301
messages,5400302
messages,5400303
messages,5400304
messages,5400305
messages,5400306
messages,5400307
messages,5400308
messages,5400309
messages,5400310
messages,5400311
messages,5400312
messages,5400313
messages,5400314
messages,5400315
messages,5400316
messages,5400317
messages,5400318
messages,5400319
messages,5400320
messages,5400321
messages,5400322
messages,5400323
messages,5400324
messages,5400325
messages,5400326
messages,5400327
messages,5400328
messages,5400329
messages,5400330
messages,5400331
messages,5400332
messages,5400333
messages,5400334
messages,5400335
messages,5400336
messages,5400337
messages,5400338
messages,5400339
messages,5400340
messages,5400341
messages,5400342
messages,5400343
messages,5400344
messages,5400345
messages,5400346
messages,5400347
messages,5400348
messages,5400349
messages,5400350
messages,5400351
messages,5400352
messages,5400353
messages,5400354
messages,5400355
messages,5400356
messages,5400357
messages,5400358
messages,5400359
messages,5400360
messages,5400361
messages,5400362
messages,5400363
messages,5400364
messages,5400365
messages,5400366
messages,5400367
messages,5400368
messages,5400369
messages,5400370
messages,5400371
messages,5400372
messages,5400373
messages,5400374
messages,5400375
messages,5400376
messages,5400377
messages,5400378
messages,5400379
messages,5400380
messages,5400381
messages,5400382
messages,5400383
messages,5400384
messages,5400385
messages,5400386
messages,5400387
messages,5400388
messages,5400389
messages,5400390
messages,5400391
messages,5400392
messages,5400393
messages,5400394
messages,5400395
messages,5400396
messages,5400397
messages,5400398
messages,5400399
messages,5400400
messages,5400401
messages,5400402
messages,5400403
messages,5400404
messages,5400405
messages,5400406
messages,5400407
messages,5400408
messages,5400409
messages,5400410
messages,5400411
messages,5400412
messages,5400413
messages,5400414
messages,5400415
messages,5400416
messages,5400417
messages,5400418
messages,5400419
messages,5400420
messages,5400421
messages,5400422
messages,5400423
messages,5400424
messages,5400425
messages,5400426
messages,5400427
messages,5400428
messages,5400429
messages,5400430
messages,5400431
messages,5400432
messages,5400433
messages,5400434
messages,5400435
messages,5400436
messages,5400437
messages,5400438
messages,5400439
messages,5400440
messages,5400441
messages,5400442
messages,5400443
messages,5400444
messages,5400445
messages,5400446
messages,5400447
messages,5400448
messages,5400449
messages,5400450
messages,5400451
messages,5400452
messages,5400453
messages,5400454
messages,5400455
messages,5400456
messages,5400457
messages,5400458
messages,5400459
messages,5400460
messages,5400461
messages,5400462
messages,5400463
messages,5400464
messages,5400465
messages,5400466
messages,5400467
messages,5400468
messages,5400469
messages,5400470
messages,5400471
messages,5400472
messages,5400473
messages,5400474
messages,5400475
messages,5400476
messages,5400477
messages,5400478
messages,5400479
messages,5400480
messages,5400481
messages,5400482
messages,5400483
messages,5400484
messages,5400485
messages,5400486
messages,5400487
messages,5400488
messages,5400489
messages,5400490
messages,5400491
messages,5400492
messages,5400493
messages,5400494
messages,5400495
messages,5400496
messages,5400497
messages,5400498
messages,5400499
messages,5400500
messages,5400501
messages,5400502
messages,5400503
messages,5400504
messages,5400505
messages,5400506
messages,5400507
messages,5400508
messages,5400509
messages,5400510
messages,5400511
messages,5400512
messages,5400513
messages,5400514
messages,5400515
messages,5400516
messages,5400517
messages,5400518
messages,5400519
messages,5400520
messages,5400521
messages,5400522
messages,5400523
messages,5400524
messages,5400525
messages,5400526
messages,5400527
messages,5400528
messages,5400529
messages,5400530
messages,5400531
messages,5400532
messages,5400533
messages,5400534
messages,5400535
messages,5400536
messages,5400537
messages,5400538
messages,5400539
messages,5400540
messages,5400541
messages,5400542
messages,5400543
messages,5400544
messages,5400545
messages,5400546
messages,5400547
messages,5400548
messages,5400549
messages,5400550
messages,5400551
messages,5400552
messages,5400553
messages,5400554
messages,5400555
messages,5400556
messages,5400557
messages,5400558
messages,5400559
messages,5400560
messages,5400561
messages,5400562
messages,5400563
messages,5400564
messages,5400565
messages,5400566
messages,5400567
messages,5400568
messages,5400569
messages,5400570
messages,5400571
messages,5400572
messages,5400573
messages,5400574
messages,5400575
messages,5400576
messages,5400577
messages,5400578
messages,5400579
messages,5400580
messages,5400581
messages,5400582
messages,5400583
messages,5400584
messages,5400585
messages,5400586
messages,5400587
messages,5400588
messages,5400589
messages,5400590
messages,5400591
messages,5400592
messages,5400593
messages,5400594
messages,5400595
messages,5400596
messages,5400597
messages,5400598
messages,5400599
messages,5400600
messages,5400601
messages,5400602
messages,5400603
messages,5400604
messages,5400605
messages,5400606
messages,5400607
messages,5400608
messages,5400609
messages,5400610
messages,5400611
messages,5400612
messages,5400613
messages,5400614
messages,5400615
messages,5400616
messages,5400617
messages,5400618
messages,5400619
messages,5400620
messages,5400621
messages,5400622
messages,5400623
messages,5400624
messages,5400625
messages,5400626
messages,5400627
messages,5400628
messages,5400629
messages,5400630
messages,5400631
messages,5400632
messages,5400633
messages,5400634
messages,5400635
messages,5400636
messages,5400637
messages,5400638
messages,5400639
messages,5400640
messages,5400641
messages,5400642
messages,5400643
messages,5400644
messages,5400645
messages,5400646
messages,5400647
messages,5400648
messages,5400649
messages,5400650
messages,5400651
messages,5400652
messages,5400653
messages,5400654
messages,5400655
messages,5400656
messages,5400657
messages,5400658
messages,5400659
messages,5400660
messages,5400661
messages,5400662
messages,5400663
messages,5400664
messages,5400665
messages,5400666
messages,5400667
messages,5400668
messages,5400669
messages,5400670
messages,5400671
messages,5400672
messages,5400673
messages,5400674
messages,5400675
messages,5400676
messages,5400677
messages,5400678
messages,5400679
messages,5400680
messages,5400681
messages,5400682
messages,5400683
messages,5400684
messages,5400685
messages,5400686
messages,5400687
messages,5400688
messages,5400689
messages,5400690
messages,5400691
messages,5400692
messages,5400693
messages,5400694
messages,5400695
messages,5400696
messages,5400697
messages,5400698
messages,5400699
messages,5400700
messages,5400701
messages,5400702
messages,5400703
messages,5400704
messages,5400705
messages,5400706
messages,5400707
messages,5400708
messages,5400709
messages,5400710
messages,5400711
messages,5400712
messages,5400713
messages,5400714
messages,5400715
messages,5400716
messages,5400717
messages,5400718
messages,5400719
messages,5400720
messages,5400721
messages,5400722
messages,5400723
messages,5400724
messages,5400725
messages,5400726
messages,5400727
messages,5400728
messages,5400729
messages,5400730
messages,5400731
messages,5400732
messages,5400733
messages,5400734
messages,5400735
messages,5400736
messages,5400737
messages,5400738
messages,5400739
messages,5400740
messages,5400741
messages,5400742
messages,5400743
messages,5400744
messages,5400745
messages,5400746
messages,5400747
messages,5400748
messages,5400749
messages,5400750
messages,5400751
messages,5400752
messages,5400753
messages,5400754
messages,5400755
messages,5400756
messages,5400757
messages,5400758
messages,5400759
messages,5400760
messages,5400761
messages,5400762
messages,5400763
messages,5400764
messages,5400765
messages,5400766
messages,5400767
messages,5401055
messages,5400768
messages,5400769
messages,5400770
messages,5400771
messages,5400772
messages,5400773
messages,5400774
messages,5400775
messages,5400776
messages,5400777
messages,5400778
messages,5400779
messages,5400780
messages,5400781
messages,5400782
messages,5400783
messages,5400784
messages,5400785
messages,5400786
messages,5400787
messages,5400788
messages,5400789
messages,5400790
messages,5400791
messages,5400792
messages,5400793
messages,5400794
messages,5400795
messages,5400796
messages,5400797
messages,5400798
messages,5400799
messages,5400800
messages,5400801
messages,5400802
messages,5400803
messages,5400804
messages,5400805
messages,5400806
messages,5400807
messages,5400808
messages,5400809
messages,5400810
messages,5400811
messages,5400812
messages,5400813
messages,5400814
messages,5400815
messages,5400816
messages,5400817
messages,5400818
messages,5400819
messages,5400820
messages,5400821
messages,5400822
messages,5400823
messages,5400824
messages,5400825
messages,5400826
messages,5400827
messages,5400828
messages,5400829
messages,5400830
messages,5400831
messages,5400832
messages,5400833
messages,5400834
messages,5400835
messages,5400836
messages,5400837
messages,5400838
messages,5400839
messages,5400840
messages,5400841
messages,5400842
messages,5400843
messages,5400844
messages,5400845
messages,5400846
messages,5400847
messages,5400848
messages,5400849
messages,5400850
messages,5400851
messages,5400852
messages,5400853
messages,5400854
messages,5400855
messages,5400856
messages,5400857
messages,5400858
messages,5400859
messages,5400860
messages,5400861
messages,5400862
messages,5400863
messages,5400864
messages,5400865
messages,5400866
messages,5400867
messages,5400868
messages,5400869
messages,5400870
messages,5400871
messages,5400872
messages,5400873
messages,5400874
messages,5400875
messages,5400876
messages,5400877
messages,5400878
messages,5400879
messages,5400880
messages,5400881
messages,5400882
messages,5400883
messages,5400884
messages,5400885
messages,5400886
messages,5400887
messages,5400888
messages,5400889
messages,5400890
messages,5400891
messages,5400892
messages,5400893
messages,5400894
messages,5400895
messages,5400896
messages,5400897
messages,5400898
messages,5400899
messages,5400900
messages,5400901
messages,5400902
messages,5400903
messages,5400904
messages,5400905
messages,5400906
messages,5400907
messages,5400908
messages,5400909
messages,5400910
messages,5400911
messages,5400912
messages,5400913
messages,5400914
messages,5400915
messages,5400916
messages,5400917
messages,5400918
messages,5400919
messages,5400920
messages,5400921
messages,5400922
messages,5400923
messages,5400924
messages,5400925
messages,5400926
messages,5400927
messages,5400928
messages,5400929
messages,5400930
messages,5400931
messages,5400932
messages,5400933
messages,5400934
messages,5400935
messages,5400936
messages,5400937
messages,5400938
messages,5400939
messages,5400940
messages,5400941
messages,5400942
messages,5400943
messages,5400944
messages,5400945
messages,5400946
messages,5400947
messages,5400948
messages,5400949
messages,5400950
messages,5400951
messages,5400952
messages,5400953
messages,5400954
messages,5400955
messages,5400956
messages,5400957
messages,5400958
messages,5400959
messages,5400960
messages,5400961
messages,5400962
messages,5400963
messages,5400964
messages,5400965
messages,5400966
messages,5400967
messages,5400968
messages,5400969
messages,5400970
messages,5400971
messages,5400972
messages,5400973
messages,5400974
messages,5400975
messages,5400976
messages,5400977
messages,5400978
messages,5400979
messages,5400980
messages,5400981
messages,5400982
messages,5400983
messages,5400984
messages,5400985
messages,5400986
messages,5400987
messages,5400988
messages,5400989
messages,5400990
messages,5400991
messages,5400992
messages,5400993
messages,5400994
messages,5400995
messages,5400996
messages,5400997
messages,5400998
messages,5400999
messages,5401000
messages,5401001
messages,5401002
messages,5401003
messages,5401004
messages,5401005
messages,5401006
messages,5401007
messages,5401008
messages,5401009
messages,5401010
messages,5401011
messages,5401012
messages,5401013
messages,5401014
messages,5401015
messages,5401016
messages,5401017
messages,5401018
messages,5401019
messages,5401020
messages,5401021
messages,5401022
messages,5401023
messages,5401024
messages,5401025
messages,5401026
messages,5401027
messages,5401028
messages,5401029
messages,5401030
messages,5401031
messages,5401032
messages,5401033
messages,5401034
messages,5401035
messages,5401036
messages,5401037
messages,5401038
messages,5401039
messages,5401040
messages,5401041
messages,5401042
messages,5401043
messages,5401044
messages,5401045
messages,5401046
messages,5401047
messages,5401048
messages,5401049
messages,5401050
messages,5401051
messages,5401052
messages,5401053
messages,5401054
messages,5401056
messages,5401057
messages,5401058
messages,5401059
messages,5401060
messages,5401061
messages,5401062
messages,5401063
messages,5401064
messages,5401065
messages,5401066
messages,5401067
messages,5401068
messages,5401069
messages,5401070
messages,5401071
messages,5401072
messages,5401073
messages,5401074
messages,5401075
messages,5401076
messages,5401077
messages,5401078
messages,5401079
messages,5401080
messages,5401081
messages,5401082
messages,5401083
messages,5401084
messages,5401085
messages,5401086
messages,5401087
messages,5401088
messages,5401089
messages,5401090
messages,5401091
messages,5401092
messages,5401093
messages,5401094
messages,5401095
messages,5401096
messages,5401097
messages,5401098
messages,5401099
messages,5401100
messages,5401101
messages,5401102
messages,5401103
messages,5401104
messages,5401105
messages,5401106
messages,5401107
messages,5401108
messages,5401109
messages,5401110
messages,5401111
messages,5401112
messages,5401113
messages,5401114
messages,5401115
messages,5401116
messages,5401117
messages,5401118
messages,5401119
messages,5401120
messages,5401121
messages,5401122
messages,5401123
messages,5401124
messages,5401125
messages,5401126
messages,5401127
messages,5401128
messages,5401129
messages,5401130
messages,5401131
messages,5401132
messages,5401133
messages,5401134
messages,5401135
messages,5401136
messages,5401137
messages,5401138
messages,5401139
messages,5401140
messages,5401141
messages,5401142
messages,5401143
messages,5401144
messages,5401145
messages,5401146
messages,5401147
messages,5401148
messages,5401149
messages,5401150
messages,5401151
messages,5401152
messages,5401153
messages,5401154
messages,5401155
messages,5401156
messages,5401157
messages,5401158
messages,5401159
messages,5401160
messages,5401161
messages,5401162
messages,5401163
messages,5401164
messages,5401165
messages,5401166
messages,5401167
messages,5401168
messages,5401169
messages,5401170
messages,5401171
messages,5401172
messages,5401173
messages,5401174
messages,5401175
messages,5401176
messages,5401177
messages,5401178
messages,5401179
messages,5401180
messages,5401181
messages,5401182
messages,5401183
messages,5401184
messages,5401185
messages,5401186
messages,5401187
messages,5401188
messages,5401189
messages,5401190
messages,5401191
messages,5401192
messages,5401193
messages,5401194
messages,5401195
messages,5401196
messages,5401197
messages,5401198
messages,5401199
messages,5401200
messages,5401201
messages,5401202
messages,5401203
messages,5401204
messages,5401205
messages,5401206
messages,5401207
messages,5401208
messages,5401209
messages,5401210
messages,5401211
messages,5401212
messages,5401213
messages,5401214
messages,5401215
messages,5401216
messages,5401217
messages,5401218
messages,5401219
messages,5401220
messages,5401221
messages,5401222
messages,5401223
messages,5401224
messages,5401225
messages,5401226
messages,5401227
messages,5401228
messages,5401229
messages,5401230
messages,5401231
messages,5401232
messages,5401233
messages,5401234
messages,5401235
messages,5401236
messages,5401237
messages,5401238
messages,5401239
messages,5401240
messages,5401241
messages,5401242
messages,5401243
messages,5401244
messages,5401245
messages,5401246
messages,5401247
messages,5401248
messages,5401249
messages,5401250
messages,5401251
messages,5401252
messages,5401253
messages,5401254
messages,5401255
messages,5401256
messages,5401257
messages,5401258
messages,5401259
messages,5401260
messages,5401261
messages,5401262
messages,5401263
messages,5401264
messages,5401265
messages,5401266
messages,5401267
messages,5401268
messages,5401269
messages,5401270
messages,5401271
messages,5401272
messages,5401273
messages,5401274
messages,5401275
messages,5401276
messages,5401277
messages,5401278
messages,5401279
messages,5401280
messages,5401281
messages,5401282
messages,5401283
messages,5401284
messages,5401285
messages,5401286
messages,5401287
messages,5401288
messages,5401289
messages,5401290
messages,5401291
messages,5401292
messages,5401293
messages,5401294
messages,5401295
messages,5401296
messages,5401297
messages,5401298
messages,5401299
messages,5401300
messages,5401301
messages,5401302
messages,5401303
messages,5401304
messages,5401305
messages,5401306
messages,5401307
messages,5401308
messages,5401309
messages,5401310
messages,5401311
messages,5401312
messages,5401313
messages,5401314
messages,5401315
messages,5401316
messages,5401317
messages,5401318
messages,5401319
messages,5401320
messages,5401321
messages,5401322
messages,5401323
messages,5401324
messages,5401325
messages,5401326
messages,5401327
messages,5401328
messages,5401329
messages,5401330
messages,5401331
messages,5401332
messages,5401333
messages,5401334
messages,5401335
messages,5401336
messages,5401337
messages,5401338
messages,5401339
messages,5401340
messages,5401341
messages,5401342
messages,5401343
messages,5401344
messages,5401345
messages,5401346
messages,5401347
messages,5401348
messages,5401349
messages,5401350
messages,5401351
messages,5401352
messages,5401353
messages,5401354
messages,5401355
messages,5401356
messages,5401357
messages,5401358
messages,5401359
messages,5401360
messages,5401361
messages,5401362
messages,5401363
messages,5401364
messages,5401365
messages,5401366
messages,5401367
messages,5401368
messages,5401369
messages,5401370
messages,5401371
messages,5401372
messages,5401373
messages,5401374
messages,5401375
messages,5401376
messages,5401377
messages,5401378
messages,5401379
messages,5401380
messages,5401381
messages,5401382
messages,5401383
messages,5401384
messages,5401385
messages,5401386
messages,5401387
messages,5401388
messages,5401389
messages,5401390
messages,5401391
messages,5401392
messages,5401393
messages,5401394
messages,5401395
messages,5401396
messages,5401397
messages,5401398
messages,5401399
messages,5401400
messages,5401401
messages,5401402
messages,5401403
messages,5401404
messages,5401405
messages,5401406
messages,5401407
messages,5401408
messages,5401409
messages,5401410
messages,5401411
messages,5401412
messages,5401413
messages,5401414
messages,5401415
messages,5401416
messages,5401417
messages,5401418
messages,5401419
messages,5401420
messages,5401421
messages,5401422
messages,5401423
messages,5401424
messages,5401425
messages,5401426
messages,5401427
messages,5401428
messages,5401429
messages,5401430
messages,5401431
messages,5401432
messages,5401433
messages,5401434
messages,5401435
messages,5401436
messages,5401437
messages,5401438
messages,5401439
messages,5401440
messages,5401441
messages,5401442
messages,5401443
messages,5401444
messages,5401445
messages,5401446
messages,5401447
messages,5401448
messages,5401449
messages,5401450
messages,5401451
messages,5401452
messages,5401453
messages,5401454
messages,5401455
messages,5401456
messages,5401457
messages,5401458
messages,5401459
messages,5401460
messages,5401461
messages,5401462
messages,5401463
messages,5401464
messages,5401465
messages,5401466
messages,5401467
messages,5401468
messages,5401469
messages,5401470
messages,5401471
messages,5401472
messages,5401473
messages,5401474
messages,5401475
messages,5401476
messages,5401477
messages,5401478
messages,5401479
messages,5401480
messages,5401481
messages,5401482
messages,5401483
messages,5401484
messages,5401485
messages,5401486
messages,5401487
messages,5401488
messages,5401489
messages,5401490
messages,5401491
messages,5401492
messages,5401493
messages,5401494
messages,5401495
messages,5401496
messages,5401497
messages,5401498
messages,5401499
messages,5401500
messages,5401501
messages,5401502
messages,5401503
messages,5401504
messages,5401505
messages,5401506
messages,5401507
messages,5401508
messages,5401509
messages,5401510
messages,5401511
messages,5401512
messages,5401513
messages,5401514
messages,5401515
messages,5401516
messages,5401517
messages,5401518
messages,5401519
messages,5401520
messages,5401521
messages,5401522
messages,5401523
messages,5401524
messages,5401525
messages,5401526
messages,5401527
messages,5401528
messages,5401529
messages,5401530
messages,5401531
messages,5401532
messages,5401533
messages,5401534
messages,5401535
messages,5401536
messages,5401537
messages,5401538
messages,5401539
messages,5401540
messages,5401541
messages,5401542
messages,5401543
messages,5401544
messages,5401545
messages,5401546
messages,5401547
messages,5401548
messages,5401549
messages,5401550
messages,5401551
messages,5401552
messages,5401553
messages,5401554
messages,5401555
messages,5401556
messages,5401557
messages,5401558
messages,5401559
messages,5401560
messages,5401561
messages,5401562
messages,5401563
messages,5401564
messages,5401565
messages,5401566
messages,5401567
messages,5401568
messages,5401569
messages,5401570
messages,5401571
messages,5401572
messages,5401573
messages,5401574
messages,5401575
messages,5401576
messages,5401577
messages,5401578
messages,5401579
messages,5401580
messages,5401581
messages,5401582
messages,5401583
messages,5401584
messages,5401585
messages,5401586
messages,5401587
messages,5401588
messages,5401589
messages,5401590
messages,5401591
messages,5401592
messages,5401593
messages,5401594
messages,5401595
messages,5401596
messages,5401597
messages,5401598
messages,5401599
messages,5401600
messages,5401601
messages,5401602
messages,5401603
messages,5401604
messages,5401605
messages,5401606
messages,5401607
messages,5401608
messages,5401609
messages,5401610
messages,5401611
messages,5401612
messages,5401613
messages,5401614
messages,5401615
messages,5401616
messages,5401617
messages,5401618
messages,5401619
messages,5401620
messages,5401621
messages,5401622
messages,5401623
messages,5401624
messages,5401625
messages,5401626
messages,5401627
messages,5401628
messages,5401629
messages,5401630
messages,5401631
messages,5401632
messages,5401633
messages,5401634
messages,5401635
messages,5401636
messages,5401637
messages,5401638
messages,5401639
messages,5401640
messages,5401641
messages,5401642
messages,5401643
messages,5401644
messages,5401645
messages,5401646
messages,5401647
messages,5401648
messages,5401649
messages,5401650
messages,5401651
messages,5401652
messages,5401653
messages,5401654
messages,5401655
messages,5401656
messages,5401657
messages,5401658
messages,5401659
messages,5401660
messages,5401661
messages,5401662
messages,5401663
messages,5401664
messages,5401665
messages,5401666
messages,5401667
messages,5401668
messages,5401669
messages,5401670
messages,5401671
messages,5401672
messages,5401673
messages,5401674
messages,5401675
messages,5401676
messages,5401677
messages,5401678
messages,5401679
messages,5401680
messages,5401681
messages,5401682
messages,5401683
messages,5401684
messages,5401685
messages,5401686
messages,5401687
messages,5401688
messages,5401689
messages,5401690
messages,5401691
messages,5401692
messages,5401693
messages,5401694
messages,5401695
messages,5401696
messages,5401697
messages,5401698
messages,5401699
messages,5401700
messages,5401701
messages,5401702
messages,5401703
messages,5401704
messages,5401705
messages,5401706
messages,5401707
messages,5401708
messages,5401709
messages,5401710
messages,5401711
messages,5401712
messages,5401713
messages,5401714
messages,5401715
messages,5401716
messages,5401717
messages,5401718
messages,5401719
messages,5401720
messages,5401721
messages,5401722
messages,5401723
messages,5401724
messages,5401725
messages,5401726
messages,5401727
messages,5401728
messages,5401729
messages,5401730
messages,5401731
messages,5401732
messages,5401733
messages,5401734
messages,5401735
messages,5401736
messages,5401737
messages,5401738
messages,5401739
messages,5401740
messages,5401741
messages,5401742
messages,5401743
messages,5401744
messages,5401745
messages,5401746
messages,5401747
messages,5401748
messages,5401749
messages,5401750
messages,5401751
messages,5401752
messages,5401753
messages,5401754
messages,5401755
messages,5401756
messages,5401757
messages,5401758
messages,5401759
messages,5401760
messages,5401761
messages,5401762
messages,5401763
messages,5401764
messages,5401765
messages,5401766
messages,5401767
messages,5401768
messages,5401769
messages,5401770
messages,5401771
messages,5401772
messages,5401773
messages,5401774
messages,5401775
messages,5401776
messages,5401777
messages,5401778
messages,5401779
messages,5401780
messages,5401781
messages,5401782
messages,5401783
messages,5401784
messages,5401785
messages,5401786
messages,5401787
messages,5401788
messages,5401789
messages,5401790
messages,5401791
messages,5401792
messages,5401793
messages,5401794
messages,5401795
messages,5401796
messages,5401797
messages,5401798
messages,5401799
messages,5401800
messages,5401801
messages,5401802
messages,5401803
messages,5401804
messages,5401805
messages,5401806
messages,5401807
messages,5401808
messages,5401809
messages,5401810
messages,5401811
messages,5401812
messages,5401813
messages,5401814
messages,5401815
messages,5401816
messages,5401817
messages,5401818
messages,5401819
messages,5401820
messages,5401821
messages,5401822
messages,5401823
messages,5401824
messages,5401825
messages,5401826
messages,5401827
messages,5401828
messages,5401829
messages,5401830
messages,5401831
messages,5401832
messages,5401833
messages,5401834
messages,5401835
messages,5401836
messages,5401837
messages,5401838
messages,5401839
messages,5401840
messages,5401841
messages,5401842
messages,5401843
messages,5401844
messages,5401845
messages,5401846
messages,5401847
messages,5401848
messages,5401849
messages,5401850
messages,5401851
messages,5401852
messages,5401853
messages,5401854
messages,5401855
messages,5401856
messages,5401857
messages,5401858
messages,5401859
messages,5401860
messages,5401861
messages,5401862
messages,5401863
messages,5401864
messages,5401865
messages,5401866
messages,5401867
messages,5401868
messages,5401869
messages,5401870
messages,5401871
messages,5401872
messages,5401873
messages,5401874
messages,5401875
messages,5401876
messages,5401877
messages,5401878
messages,5401879
messages,5401880
messages,5401881
messages,5401882
messages,5401883
messages,5401884
messages,5401885
messages,5401886
messages,5401887
messages,5401888
messages,5401889
messages,5401890
messages,5401891
messages,5401892
messages,5401893
messages,5401894
messages,5401895
messages,5401896
messages,5401897
messages,5401898
messages,5401899
messages,5401900
messages,5401901
messages,5401902
messages,5401903
messages,5401904
messages,5401905
messages,5401906
messages,5401907
messages,5401908
messages,5401909
messages,5401910
messages,5401911
messages,5401912
messages,5401913
messages,5401914
messages,5401915
messages,5401916
messages,5401917
messages,5401918
messages,5401919
messages,5401920
messages,5401921
messages,5401922
messages,5401923
messages,5401924
messages,5401925
messages,5401926
messages,5401927
messages,5401928
messages,5401929
messages,5401930
messages,5401931
messages,5401932
messages,5401933
messages,5401934
messages,5401935
messages,5401936
messages,5401937
messages,5401938
messages,5401939
messages,5401940
messages,5401941
messages,5401942
messages,5401943
messages,5401944
messages,5401945
messages,5401946
messages,5401947
messages,5401948
messages,5401949
messages,5401950
messages,5401951
messages,5401952
messages,5401953
messages,5401954
messages,5401955
messages,5401956
messages,5401957
messages,5401958
messages,5401959
messages,5401960
messages,5401961
messages,5401962
messages,5401963
messages,5401964
messages,5401965
messages,5401966
messages,5401967
messages,5401968
messages,5401969
messages,5401970
messages,5401971
messages,5401972
messages,5401973
messages,5401974
messages,5401975
messages,5401976
messages,5401977
messages,5401978
messages,5401979
messages,5401980
messages,5401981
messages,5401982
messages,5401983
messages,5401984
messages,5401985
messages,5401986
messages,5401987
messages,5401988
messages,5401989
messages,5401990
messages,5401991
messages,5401992
messages,5401993
messages,5401994
messages,5401995
messages,5401996
messages,5401997
messages,5401998
messages,5401999
messages,5402000
messages,5402001
messages,5402002
messages,5402003
messages,5402004
messages,5402005
messages,5402006
messages,5402007
messages,5402008
messages,5402009
messages,5402010
messages,5402011
messages,5402012
messages,5402013
messages,5402014
messages,5402015
messages,5402016
messages,5402017
messages,5402018
messages,5402019
messages,5402020
messages,5402021
messages,5402022
messages,5402023
messages,5402024
messages,5402025
messages,5402026
messages,5402027
messages,5402028
messages,5402029
messages,5402030
messages,5402031
messages,5402032
messages,5402033
messages,5402034
messages,5402035
messages,5402036
messages,5402037
messages,5402038
messages,5402039
messages,5402040
messages,5402041
messages,5402042
messages,5402043
messages,5402044
messages,5402045
messages,5402046
messages,5402047
messages,5402048
messages,5402049
messages,5402050
messages,5402051
messages,5402052
messages,5402053
messages,5402054
messages,5402055
messages,5402056
messages,5402057
messages,5402058
messages,5402059
messages,5402060
messages,5402061
messages,5402062
messages,5402063
messages,5402064
messages,5402065
messages,5402066
messages,5402067
messages,5402068
messages,5402069
messages,5402070
messages,5402071
messages,5402072
messages,5402073
messages,5402074
messages,5402075
messages,5402076
messages,5402077
messages,5402078
messages,5402079
messages,5402080
messages,5402081
messages,5402082
messages,5402083
messages,5402084
messages,5402085
messages,5402086
messages,5402087
messages,5402088
messages,5402089
messages,5402090
messages,5402091
messages,5402092
messages,5402093
messages,5402094
messages,5402095
messages,5402096
messages,5402097
messages,5402098
messages,5402099
messages,5402100
messages,5402101
messages,5402102
messages,5402103
messages,5402104
messages,5402105
messages,5402106
messages,5402107
messages,5402108
messages,5402109
messages,5402110
messages,5402111
messages,5402112
messages,5402113
messages,5402114
messages,5402115
messages,5402116
messages,5402117
messages,5402118
messages,5402119
messages,5402120
messages,5402121
messages,5402122
messages,5402123
messages,5402124
messages,5402125
messages,5402126
messages,5402127
messages,5402128
messages,5402129
messages,5402130
messages,5402131
messages,5402132
messages,5402133
messages,5402134
messages,5402135
messages,5402136
messages,5402137
messages,5402138
messages,5402139
messages,5402140
messages,5402141
messages,5402142
messages,5402143
messages,5402144
messages,5402145
messages,5402146
messages,5402147
messages,5402148
messages,5402149
messages,5402150
messages,5402151
messages,5402152
messages,5402153
messages,5402154
messages,5402155
messages,5402156
messages,5402157
messages,5402158
messages,5402159
messages,5402160
messages,5402161
messages,5402162
messages,5402163
messages,5402164
messages,5402165
messages,5402166
messages,5402167
messages,5402168
messages,5402169
messages,5402170
messages,5402171
messages,5402172
messages,5402173
messages,5402174
messages,5402175
messages,5402176
messages,5402177
messages,5402178
messages,5402179
messages,5402180
messages,5402181
messages,5402182
messages,5402183
messages,5402184
messages,5402185
messages,5402186
messages,5402187
messages,5402188
messages,5402189
messages,5402190
messages,5402191
messages,5402192
messages,5402193
messages,5402194
messages,5402195
messages,5402196
messages,5402197
messages,5402198
messages,5402199
messages,5402200
messages,5402201
messages,5402202
messages,5402203
messages,5402204
messages,5402205
messages,5402206
messages,5402207
messages,5402208
messages,5402209
messages,5402210
messages,5402211
messages,5402212
messages,5402213
messages,5402214
messages,5402215
messages,5402216
messages,5402217
messages,5402218
messages,5402219
messages,5402220
messages,5402221
messages,5402222
messages,5402223
messages,5402224
messages,5402225
messages,5402226
messages,5402227
messages,5402228
messages,5402229
messages,5402230
messages,5402231
messages,5402232
messages,5402233
messages,5402234
messages,5402235
messages,5402236
messages,5402237
messages,5402238
messages,5402239
messages,5402240
messages,5402241
messages,5402242
messages,5402243
messages,5402244
messages,5402245
messages,5402246
messages,5402247
messages,5402248
messages,5402249
messages,5402250
messages,5402251
messages,5402252
messages,5402253
messages,5402254
messages,5402255
messages,5402256
messages,5402257
messages,5402258
messages,5402259
messages,5402260
messages,5402261
messages,5402262
messages,5402263
messages,5402264
messages,5402265
messages,5402266
messages,5402267
messages,5402268
messages,5402269
messages,5402270
messages,5402271
messages,5402272
messages,5402273
messages,5402274
messages,5402275
messages,5402276
messages,5402277
messages,5402278
messages,5402279
messages,5402280
messages,5402281
messages,5402282
messages,5402283
messages,5402284
messages,5402285
messages,5402286
messages,5402287
messages,5402288
messages,5402289
messages,5402290
messages,5402291
messages,5402292
messages,5402293
messages,5402294
messages,5402295
messages,5402296
messages,5402297
messages,5402298
messages,5402299
messages,5402300
messages,5402301
messages,5402302
messages,5402303
messages,5402304
messages,5402305
messages,5402306
messages,5402307
messages,5402308
messages,5402309
messages,5402310
messages,5402311
messages,5402312
messages,5402313
messages,5402314
messages,5402315
messages,5402316
messages,5402317
messages,5402318
messages,5402319
messages,5402320
messages,5402321
messages,5402322
messages,5402323
messages,5402324
messages,5402325
messages,5402326
messages,5402327
messages,5402328
messages,5402329
messages,5402330
messages,5402331
messages,5402332
messages,5402333
messages,5402334
messages,5402335
messages,5402336
messages,5402337
messages,5402338
messages,5402339
messages,5402340
messages,5402341
messages,5402342
messages,5402343
messages,5402344
messages,5402345
messages,5402346
messages,5402347
messages,5402348
messages,5402349
messages,5402350
messages,5402351
messages,5402352
messages,5402353
messages,5402354
messages,5402355
messages,5402356
messages,5402357
messages,5402358
messages,5402359
messages,5402360
messages,5402361
messages,5402362
messages,5402363
messages,5402364
messages,5402365
messages,5402366
messages,5402367
messages,5402368
messages,5402369
messages,5402370
messages,5402371
messages,5402372
messages,5402373
messages,5402374
messages,5402375
messages,5402376
messages,5402377
messages,5402378
messages,5402379
messages,5402380
messages,5402381
messages,5402382
messages,5402383
messages,5402388
messages,5402390
messages,5402391
messages,5402398
messages,5402399
messages,5402400
messages,5402402
messages,5402403
messages,5402408
messages,5402411
messages,5402412
messages,5402413
messages,5402414
messages,5402415
messages,5402416
messages,5402417
messages,5402418
messages,5402419
messages,5402420
messages,5402421
messages,5402422
messages,5402423
messages,5402424
messages,5402425
messages,5402426
messages,5402427
messages,5402428
messages,5402429
messages,5402430
messages,5402431
messages,5402432
messages,5402433
messages,5402434
messages,5402435
messages,5402436
messages,5402437
messages,5402438
messages,5402439
messages,5402440
messages,5402441
messages,5402442
messages,5402443
messages,5402444
messages,5402445
messages,5402446
messages,5402447
messages,5402448
messages,5402449
messages,5402450
messages,5402451
messages,5402452
messages,5402453
messages,5402454
messages,5402455
messages,5402456
messages,5402457
messages,5402458
messages,5402459
messages,5402460
messages,5402461
messages,5402462
messages,5402463
messages,5402464
messages,5402465
messages,5402466
messages,5402467
messages,5402468
messages,5402469
messages,5402470
messages,5402471
messages,5402472
messages,5402473
messages,5402474
messages,5402475
messages,5402476
messages,5402477
messages,5402478
messages,5402479
messages,5402480
messages,5402481
messages,5402482
messages,5402483
messages,5402484
messages,5402485
messages,5402486
messages,5402487
messages,5402488
messages,5402489
messages,5402490
messages,5402491
messages,5402492
messages,5402493
messages,5402494
messages,5402495